asdf_id,onshore_petroleum_v12.none.mean,Level,gqid,id,shapeGroup,shapeID,shapeName,shapeType
0,0.0,ADM3,0,0,BOL,BOL-ADM3-33444609B20338026,Esmeralda,ADM3
1,0.0,ADM3,1,1,BOL,BOL-ADM3-33444609B53994240,Santuario de Quillacas,ADM3
2,0.0,ADM3,2,2,BOL,BOL-ADM3-33444609B27878331,Pampa Aullagas,ADM3
3,0.0,ADM3,3,3,BOL,BOL-ADM3-33444609B13957296,Llallagua,ADM3
4,0.0,ADM3,4,4,BOL,BOL-ADM3-33444609B2060227,Caripuyo,ADM3
5,0.0,ADM3,5,5,BOL,BOL-ADM3-33444609B22499454,Aiquile,ADM3
6,0.0,ADM3,6,6,BOL,BOL-ADM3-33444609B14646898,Sacaca,ADM3
7,0.0,ADM3,7,7,BOL,BOL-ADM3-33444609B19396342,Acasio,ADM3
8,0.0,ADM3,8,8,BOL,BOL-ADM3-33444609B48998442,Huanuni,ADM3
9,0.0,ADM3,9,9,BOL,BOL-ADM3-33444609B43353864,Huachacalla,ADM3
10,0.0,ADM3,10,10,BOL,BOL-ADM3-33444609B12212981,Santiago de Huari,ADM3
11,0.0,ADM3,11,11,BOL,BOL-ADM3-33444609B81698958,Pazña,ADM3
12,0.0,ADM3,12,12,BOL,BOL-ADM3-33444609B39428862,Villa Rivero,ADM3
13,0.0,ADM3,13,13,BOL,BOL-ADM3-33444609B55151365,Andamarca,ADM3
14,0.0,ADM3,14,14,BOL,BOL-ADM3-33444609B33779243,Chacarilla,ADM3
15,0.0,ADM3,15,15,BOL,BOL-ADM3-33444609B65270572,Arbieto,ADM3
16,0.0,ADM3,16,16,BOL,BOL-ADM3-33444609B96301403,Papel Pampa,ADM3
17,0.0,ADM3,17,17,BOL,BOL-ADM3-33444609B33786797,Umala,ADM3
18,0.0,ADM3,18,18,BOL,BOL-ADM3-33444609B89522171,Oruro,ADM3
19,0.0,ADM3,19,19,BOL,BOL-ADM3-33444609B49437729,Huayllamarca,ADM3
20,0.0,ADM3,20,20,BOL,BOL-ADM3-33444609B90350398,San Pedro de Curahuara,ADM3
21,0.0,ADM3,21,21,BOL,BOL-ADM3-33444609B28043407,Sicaya,ADM3
22,0.0,ADM3,22,22,BOL,BOL-ADM3-33444609B22047407,Puerto Quijarro,ADM3
23,0.0,ADM3,23,23,BOL,BOL-ADM3-33444609B45253703,Capinota,ADM3
24,0.0,ADM3,24,24,BOL,BOL-ADM3-33444609B98674568,Arque,ADM3
25,0.0,ADM3,25,25,BOL,BOL-ADM3-33444609B17270625,Corocoro,ADM3
26,0.0,ADM3,26,26,BOL,BOL-ADM3-33444609B19104054,San Benito,ADM3
27,0.0,ADM3,27,27,BOL,BOL-ADM3-33444609B66518212,Sapahaqui,ADM3
28,0.0,ADM3,28,28,BOL,BOL-ADM3-33444609B10766550,Cairoma,ADM3
29,0.0,ADM3,29,29,BOL,BOL-ADM3-33444609B98493674,Colquiri,ADM3
30,0.0,ADM3,30,30,BOL,BOL-ADM3-33444609B35095185,Ichoca,ADM3
31,1.0,ADM3,31,31,BOL,BOL-ADM3-33444609B27516383,La Guardia,ADM3
32,0.0,ADM3,32,32,BOL,BOL-ADM3-33444609B65462728,Moromoro,ADM3
33,0.982514587161,ADM3,33,33,BOL,BOL-ADM3-33444609B3283622,El Torno,ADM3
34,0.365466185931,ADM3,34,34,BOL,BOL-ADM3-33444609B3665426,Samaipata,ADM3
35,0.0,ADM3,35,35,BOL,BOL-ADM3-33444609B75362770,San Lucas,ADM3
36,0.0167458330375,ADM3,36,36,BOL,BOL-ADM3-33444609B89526883,Culpina,ADM3
37,0.0,ADM3,37,37,BOL,BOL-ADM3-33444609B77799107,Incahuasi,ADM3
38,0.676930109333,ADM3,38,38,BOL,BOL-ADM3-33444609B36544235,San Juan,ADM3
39,0.0,ADM3,39,39,BOL,BOL-ADM3-33444609B69045844,Tinguipaya,ADM3
40,0.0,ADM3,40,40,BOL,BOL-ADM3-33444609B29777572,San Pedro,ADM3
41,0.0,ADM3,41,41,BOL,BOL-ADM3-33444609B4195370,Villa Ancoraimes,ADM3
42,0.0,ADM3,42,42,BOL,BOL-ADM3-33444609B80268637,"Colcha ""K""",ADM3
43,0.0,ADM3,43,43,BOL,BOL-ADM3-33444609B33602201,Puerto Mayor de Carabuco,ADM3
44,0.0,ADM3,44,44,BOL,BOL-ADM3-33444609B55181457,Sabaya,ADM3
45,0.0,ADM3,45,45,BOL,BOL-ADM3-33444609B74955412,Loreto,ADM3
46,0.0,ADM3,46,46,BOL,BOL-ADM3-33444609B79735413,Tomave,ADM3
47,0.0,ADM3,47,47,BOL,BOL-ADM3-33444609B50648219,Porco,ADM3
48,0.437549562093,ADM3,48,48,BOL,BOL-ADM3-33444609B43551685,Villa Montes,ADM3
49,0.0,ADM3,49,49,BOL,BOL-ADM3-33444609B55738046,Yocalla,ADM3
50,0.0,ADM3,50,50,BOL,BOL-ADM3-33444609B4133228,Urmiri,ADM3
51,0.0,ADM3,51,51,BOL,BOL-ADM3-33444609B8281684,Mocomoco,ADM3
52,0.0,ADM3,52,52,BOL,BOL-ADM3-33444609B21235771,Saipina,ADM3
53,0.0,ADM3,53,53,BOL,BOL-ADM3-33444609B25995685,Omereque,ADM3
54,1.0,ADM3,54,54,BOL,BOL-ADM3-33444609B55124296,Porongo,ADM3
55,1.0,ADM3,55,55,BOL,BOL-ADM3-33444609B6878387,Santa Cruz de la Sierra,ADM3
56,0.0,ADM3,56,56,BOL,BOL-ADM3-33444609B3318455,San Ignacio,ADM3
57,0.0,ADM3,57,57,BOL,BOL-ADM3-33444609B8905284,San Javier,ADM3
58,0.407923619502,ADM3,58,58,BOL,BOL-ADM3-33444609B2142879,San Pedro,ADM3
59,0.0,ADM3,59,59,BOL,BOL-ADM3-33444609B87038976,Cajuata,ADM3
60,0.0,ADM3,60,60,BOL,BOL-ADM3-33444609B59519836,Inquisivi,ADM3
61,0.0,ADM3,61,61,BOL,BOL-ADM3-33444609B26067698,Irupana,ADM3
62,0.0,ADM3,62,62,BOL,BOL-ADM3-33444609B18902401,Chulumani,ADM3
63,0.0,ADM3,63,63,BOL,BOL-ADM3-33444609B62162538,Poopó,ADM3
64,0.0,ADM3,64,64,BOL,BOL-ADM3-33444609B19359116,Totora,ADM3
65,0.0,ADM3,65,65,BOL,BOL-ADM3-33444609B40503271,Betanzos,ADM3
66,0.0,ADM3,66,66,BOL,BOL-ADM3-33444609B16444652,Turco,ADM3
67,0.0,ADM3,67,67,BOL,BOL-ADM3-33444609B61346396,Todos Santos,ADM3
68,0.0,ADM3,68,68,BOL,BOL-ADM3-33444609B73204671,Concepción,ADM3
69,0.61790372047,ADM3,69,69,BOL,BOL-ADM3-33444609B19125904,Santa Rosa,ADM3
70,0.0,ADM3,70,70,BOL,BOL-ADM3-33444609B59987600,Huacaraje,ADM3
71,0.0,ADM3,71,71,BOL,BOL-ADM3-33444609B98058544,La Rivera,ADM3
72,0.656371408063,ADM3,72,72,BOL,BOL-ADM3-33444609B65603601,Entre Ríos,ADM3
73,0.0,ADM3,73,73,BOL,BOL-ADM3-33444609B85871655,San Joaquín,ADM3
74,0.0,ADM3,74,74,BOL,BOL-ADM3-33444609B31629000,San Ramón,ADM3
75,0.0,ADM3,75,75,BOL,BOL-ADM3-33444609B70300813,Tiahuanacu,ADM3
76,0.0,ADM3,76,76,BOL,BOL-ADM3-33444609B2169284,Colquechaca,ADM3
77,0.0,ADM3,77,77,BOL,BOL-ADM3-33444609B28265316,Pocoata,ADM3
78,0.0,ADM3,78,78,BOL,BOL-ADM3-33444609B5007094,Llica,ADM3
79,0.0,ADM3,79,79,BOL,BOL-ADM3-33444609B2586032,Quillacollo,ADM3
80,0.0,ADM3,80,80,BOL,BOL-ADM3-33444609B27378021,Sacaba,ADM3
81,0.0,ADM3,81,81,BOL,BOL-ADM3-33444609B80439797,Tiquipaya,ADM3
82,0.0,ADM3,82,82,BOL,BOL-ADM3-33444609B86021401,Colcapirhua,ADM3
83,0.0,ADM3,83,83,BOL,BOL-ADM3-33444609B57513939,Sipesipe,ADM3
84,0.0,ADM3,84,84,BOL,BOL-ADM3-33444609B63544582,Vinto,ADM3
85,0.0,ADM3,85,85,BOL,BOL-ADM3-33444609B91378627,Tarata,ADM3
86,0.0,ADM3,86,86,BOL,BOL-ADM3-33444609B10790515,Totora,ADM3
87,0.775525838167,ADM3,87,87,BOL,BOL-ADM3-33444609B62366677,Buena Vista,ADM3
88,0.774271899788,ADM3,88,88,BOL,BOL-ADM3-33444609B65201053,San Carlos,ADM3
89,0.0,ADM3,89,89,BOL,BOL-ADM3-33444609B24515942,Magdalena,ADM3
90,0.837580293868,ADM3,90,90,BOL,BOL-ADM3-33444609B38843317,Portachuelo,ADM3
91,0.0,ADM3,91,91,BOL,BOL-ADM3-33444609B37744367,San Antonio de Esmoruco,ADM3
92,0.0,ADM3,92,92,BOL,BOL-ADM3-33444609B1106358,Uriondo,ADM3
93,0.0,ADM3,93,93,BOL,BOL-ADM3-33444609B85745690,Mojinete,ADM3
94,0.863003111541,ADM3,94,94,BOL,BOL-ADM3-33444609B87243497,Yacuiba,ADM3
95,0.0,ADM3,95,95,BOL,BOL-ADM3-33444609B234644,Yunchará,ADM3
96,0.943385581657,ADM3,96,96,BOL,BOL-ADM3-33444609B75965900,Caraparí,ADM3
97,0.0,ADM3,97,97,BOL,BOL-ADM3-33444609B88496650,San Lorenzo,ADM3
98,0.0,ADM3,98,98,BOL,BOL-ADM3-33444609B59853279,El Puente,ADM3
99,0.0,ADM3,99,99,BOL,BOL-ADM3-33444609B34120572,Toro Toro,ADM3
100,0.0,ADM3,100,100,BOL,BOL-ADM3-33444609B63002823,San Agustín,ADM3
101,0.0,ADM3,101,101,BOL,BOL-ADM3-33444609B48940768,Tarija,ADM3
102,0.0,ADM3,102,102,BOL,BOL-ADM3-33444609B83584775,Tahua,ADM3
103,0.0,ADM3,103,103,BOL,BOL-ADM3-33444609B12022744,San Pablo,ADM3
104,0.0,ADM3,104,104,BOL,BOL-ADM3-33444609B6650687,Las Carreras,ADM3
105,0.0,ADM3,105,105,BOL,BOL-ADM3-33444609B72563416,Villa Abecia,ADM3
106,0.0,ADM3,106,106,BOL,BOL-ADM3-33444609B32136747,Morochata,ADM3
107,0.0,ADM3,107,107,BOL,BOL-ADM3-33444609B11014199,Carangas,ADM3
108,0.0,ADM3,108,108,BOL,BOL-ADM3-33444609B29831186,Yunguyo del Litoral,ADM3
109,0.0,ADM3,109,109,BOL,BOL-ADM3-33444609B64125054,Cruz de Machacamarca,ADM3
110,0.0,ADM3,110,110,BOL,BOL-ADM3-33444609B44425060,Antequera,ADM3
111,0.0,ADM3,111,111,BOL,BOL-ADM3-33444609B30420791,Nazacara de Pacajes,ADM3
112,0.0,ADM3,112,112,BOL,BOL-ADM3-33444609B25496031,Caquiaviri,ADM3
113,0.0,ADM3,113,113,BOL,BOL-ADM3-33444609B78062899,Belén de Andamarca,ADM3
114,0.0,ADM3,114,114,BOL,BOL-ADM3-33444609B19215102,Corque,ADM3
115,0.0,ADM3,115,115,BOL,BOL-ADM3-33444609B29766009,Vitiche,ADM3
116,0.0,ADM3,116,116,BOL,BOL-ADM3-33444609B50583695,Luribay,ADM3
117,0.0,ADM3,117,117,BOL,BOL-ADM3-33444609B61739549,Machacamarca,ADM3
118,0.0,ADM3,118,118,BOL,BOL-ADM3-33444609B79352083,Arampampa,ADM3
119,0.0,ADM3,119,119,BOL,BOL-ADM3-33444609B67664908,Sacabamba,ADM3
120,0.0,ADM3,120,120,BOL,BOL-ADM3-33444609B24659770,Anzaldo,ADM3
121,0.0,ADM3,121,121,BOL,BOL-ADM3-33444609B17865743,Toco,ADM3
122,0.0,ADM3,122,122,BOL,BOL-ADM3-33444609B84509711,Villa Gualberto Villarroel,ADM3
123,0.0,ADM3,123,123,BOL,BOL-ADM3-33444609B63808862,Tacachi,ADM3
124,0.0,ADM3,124,124,BOL,BOL-ADM3-33444609B45712919,Cliza,ADM3
125,0.0,ADM3,125,125,BOL,BOL-ADM3-33444609B71410216,Tacopaya,ADM3
126,0.0,ADM3,126,126,BOL,BOL-ADM3-33444609B34376575,El Choro,ADM3
127,0.0,ADM3,127,127,BOL,BOL-ADM3-33444609B90107878,Toledo,ADM3
128,0.0,ADM3,128,128,BOL,BOL-ADM3-33444609B16998103,Santivañez,ADM3
129,0.0,ADM3,129,129,BOL,BOL-ADM3-33444609B37510264,Paria,ADM3
130,0.0,ADM3,130,130,BOL,BOL-ADM3-33444609B66068349,Collana,ADM3
131,0.0,ADM3,131,131,BOL,BOL-ADM3-33444609B94491619,Tolata,ADM3
132,0.0,ADM3,132,132,BOL,BOL-ADM3-33444609B30727604,Cobija,ADM3
133,0.0,ADM3,133,133,BOL,BOL-ADM3-33444609B21077453,Eucaliptus,ADM3
134,0.0,ADM3,134,134,BOL,BOL-ADM3-33444609B28630051,Santiago de Callapa,ADM3
135,0.0,ADM3,135,135,BOL,BOL-ADM3-33444609B41741681,Cochabamba,ADM3
136,0.0,ADM3,136,136,BOL,BOL-ADM3-33444609B22900187,Caracollo,ADM3
137,0.0,ADM3,137,137,BOL,BOL-ADM3-33444609B21007182,Catacora,ADM3
138,0.0,ADM3,138,138,BOL,BOL-ADM3-33444609B25632649,Yaco,ADM3
139,0.0,ADM3,139,139,BOL,BOL-ADM3-33444609B93045845,Calacoto,ADM3
140,0.0,ADM3,140,140,BOL,BOL-ADM3-33444609B26131324,Arani,ADM3
141,0.0,ADM3,141,141,BOL,BOL-ADM3-33444609B3757470,Punata,ADM3
142,0.0,ADM3,142,142,BOL,BOL-ADM3-33444609B21151286,Sicasica,ADM3
143,0.0,ADM3,143,143,BOL,BOL-ADM3-33444609B32005482,Patacamaya,ADM3
144,0.0,ADM3,144,144,BOL,BOL-ADM3-33444609B19082627,Colquencha,ADM3
145,0.0,ADM3,145,145,BOL,BOL-ADM3-33444609B96911206,Santiago de Machaca,ADM3
146,0.0714962278462,ADM3,146,146,BOL,BOL-ADM3-33444609B58600296,Sena,ADM3
147,0.0,ADM3,147,147,BOL,BOL-ADM3-33444609B26946399,San Lorenzo,ADM3
148,0.0,ADM3,148,148,BOL,BOL-ADM3-33444609B90312020,Santa Rosa,ADM3
149,0.0,ADM3,149,149,BOL,BOL-ADM3-33444609B20955158,Malla,ADM3
150,0.0,ADM3,150,150,BOL,BOL-ADM3-33444609B91729130,Comanche,ADM3
151,0.0,ADM3,151,151,BOL,BOL-ADM3-33444609B41933053,Calamarca,ADM3
152,0.0,ADM3,152,152,BOL,BOL-ADM3-33444609B85812802,Viacha,ADM3
153,0.0,ADM3,153,153,BOL,BOL-ADM3-33444609B79205479,Villa Libertad Licoma,ADM3
154,0.0,ADM3,154,154,BOL,BOL-ADM3-33444609B66902866,Quime,ADM3
155,0.0,ADM3,155,155,BOL,BOL-ADM3-33444609B98511044,Huatajata,ADM3
156,0.0,ADM3,156,156,BOL,BOL-ADM3-33444609B79531063,Laja,ADM3
157,0.0,ADM3,157,157,BOL,BOL-ADM3-33444609B83826918,Mecapaca,ADM3
158,0.0,ADM3,158,158,BOL,BOL-ADM3-33444609B56483619,Palca,ADM3
159,0.0,ADM3,159,159,BOL,BOL-ADM3-33444609B1863080,Achocalla,ADM3
160,0.0,ADM3,160,160,BOL,BOL-ADM3-33444609B30011805,El Alto,ADM3
161,0.0,ADM3,161,161,BOL,BOL-ADM3-33444609B40374901,Yanacachi,ADM3
162,0.0,ADM3,162,162,BOL,BOL-ADM3-33444609B99579203,Tapacarí,ADM3
163,0.0,ADM3,163,163,BOL,BOL-ADM3-33444609B26061868,Desaguadero,ADM3
164,0.0,ADM3,164,164,BOL,BOL-ADM3-33444609B81723104,Jesús de Machaka,ADM3
165,0.0,ADM3,165,165,BOL,BOL-ADM3-33444609B3928389,Puerto Mayor de Guaqui,ADM3
166,0.0,ADM3,166,166,BOL,BOL-ADM3-33444609B83959891,Tito Yupanqui,ADM3
167,0.0,ADM3,167,167,BOL,BOL-ADM3-33444609B86182822,Pucarani,ADM3
168,0.0,ADM3,168,168,BOL,BOL-ADM3-33444609B86015105,Combaya,ADM3
169,0.0,ADM3,169,169,BOL,BOL-ADM3-33444609B70122176,Coroico,ADM3
170,0.0,ADM3,170,170,BOL,BOL-ADM3-33444609B52332460,Coripata,ADM3
171,0.0,ADM3,171,171,BOL,BOL-ADM3-33444609B75079070,Quiabaya,ADM3
172,0.0,ADM3,172,172,BOL,BOL-ADM3-33444609B51912538,Aucapata,ADM3
173,0.0,ADM3,173,173,BOL,BOL-ADM3-33444609B77019342,Ayo Ayo,ADM3
174,0.0,ADM3,174,174,BOL,BOL-ADM3-33444609B52543177,Azurduy,ADM3
175,0.0,ADM3,175,175,BOL,BOL-ADM3-33444609B93497004,Tipuani,ADM3
176,0.0,ADM3,176,176,BOL,BOL-ADM3-33444609B95766629,Nuestra Señora de La Paz,ADM3
177,0.0,ADM3,177,177,BOL,BOL-ADM3-33444609B93873258,Sorata,ADM3
178,0.0,ADM3,178,178,BOL,BOL-ADM3-33444609B25803532,La Asunta,ADM3
179,0.0,ADM3,179,179,BOL,BOL-ADM3-33444609B88180595,Chuma,ADM3
180,0.0,ADM3,180,180,BOL,BOL-ADM3-33444609B33390960,Guanay,ADM3
181,0.0,ADM3,181,181,BOL,BOL-ADM3-33444609B45650655,Teoponte,ADM3
182,0.0,ADM3,182,182,BOL,BOL-ADM3-33444609B90372031,Mapiri,ADM3
183,0.0,ADM3,183,183,BOL,BOL-ADM3-33444609B50407902,Charazani,ADM3
184,0.0,ADM3,184,184,BOL,BOL-ADM3-33444609B73754741,"Caiza ""D""",ADM3
185,0.0,ADM3,185,185,BOL,BOL-ADM3-33444609B22177467,Copacabana,ADM3
186,0.0,ADM3,186,186,BOL,BOL-ADM3-33444609B65808761,Tarvita,ADM3
187,0.0,ADM3,187,187,BOL,BOL-ADM3-33444609B42666607,Chaquí,ADM3
188,0.0,ADM3,188,188,BOL,BOL-ADM3-33444609B15997979,Puna,ADM3
189,0.0,ADM3,189,189,BOL,BOL-ADM3-33444609B30593293,Ckochas,ADM3
190,0.0,ADM3,190,190,BOL,BOL-ADM3-33444609B60642341,El Villar,ADM3
191,0.986035372001,ADM3,191,191,BOL,BOL-ADM3-33444609B90845226,Huacaya,ADM3
192,0.0,ADM3,192,192,BOL,BOL-ADM3-33444609B27309972,Tacacoma,ADM3
193,0.137363683856,ADM3,193,193,BOL,BOL-ADM3-33444609B13482689,Huacareta,ADM3
194,0.582429862269,ADM3,194,194,BOL,BOL-ADM3-33444609B9106763,Monteagudo,ADM3
195,0.0,ADM3,195,195,BOL,BOL-ADM3-33444609B51923126,Potosí,ADM3
196,0.0,ADM3,196,196,BOL,BOL-ADM3-33444609B67965715,San Pedro de Tiquina,ADM3
197,1.0,ADM3,197,197,BOL,BOL-ADM3-33444609B6445025,Lagunillas,ADM3
198,0.0,ADM3,198,198,BOL,BOL-ADM3-33444609B92818499,Alcalá,ADM3
199,0.0,ADM3,199,199,BOL,BOL-ADM3-33444609B9397800,Sopachui,ADM3
200,0.0,ADM3,200,200,BOL,BOL-ADM3-33444609B74292684,Villa Ricardo Mugia - Icla,ADM3
201,0.0,ADM3,201,201,BOL,BOL-ADM3-33444609B38543160,Yotala,ADM3
202,0.0,ADM3,202,202,BOL,BOL-ADM3-33444609B32418048,Yamparáez,ADM3
203,0.0,ADM3,203,203,BOL,BOL-ADM3-33444609B38412786,Tomina,ADM3
204,0.0,ADM3,204,204,BOL,BOL-ADM3-33444609B72440734,Ocurí,ADM3
205,0.0,ADM3,205,205,BOL,BOL-ADM3-33444609B73936756,Tarabuco,ADM3
206,0.0,ADM3,206,206,BOL,BOL-ADM3-33444609B5472183,Zudañez,ADM3
207,0.0,ADM3,207,207,BOL,BOL-ADM3-33444609B88989469,Curva,ADM3
208,0.0,ADM3,208,208,BOL,BOL-ADM3-33444609B30997278,Pelechuco,ADM3
209,0.0,ADM3,209,209,BOL,BOL-ADM3-33444609B83015549,Palos Blancos,ADM3
210,0.0,ADM3,210,210,BOL,BOL-ADM3-33444609B25123274,Apolo,ADM3
211,0.0,ADM3,211,211,BOL,BOL-ADM3-33444609B4331330,Puerto Menor de Rurrenabaque,ADM3
212,0.0,ADM3,212,212,BOL,BOL-ADM3-33444609B85439426,San Buenaventura,ADM3
213,0.0,ADM3,213,213,BOL,BOL-ADM3-33444609B23560373,Santa Ana,ADM3
214,0.0,ADM3,214,214,BOL,BOL-ADM3-33444609B36751060,San Borja,ADM3
215,0.0,ADM3,215,215,BOL,BOL-ADM3-33444609B13357475,Reyes,ADM3
216,0.0,ADM3,216,216,BOL,BOL-ADM3-33444609B85003487,Puerto Gonzalo Moreno,ADM3
217,0.0,ADM3,217,217,BOL,BOL-ADM3-33444609B80291858,Puerto Siles,ADM3
218,0.0,ADM3,218,218,BOL,BOL-ADM3-33444609B10458910,Exaltación,ADM3
219,0.0,ADM3,219,219,BOL,BOL-ADM3-33444609B93314585,Riberalta,ADM3
220,0.0,ADM3,220,220,BOL,BOL-ADM3-33444609B95419155,Porvenir,ADM3
221,0.0,ADM3,221,221,BOL,BOL-ADM3-33444609B83803279,Bella Flor,ADM3
222,0.0,ADM3,222,222,BOL,BOL-ADM3-33444609B11509981,San Pedro,ADM3
223,0.253543876859,ADM3,223,223,BOL,BOL-ADM3-33444609B55981723,Puerto Rico,ADM3
224,0.0,ADM3,224,224,BOL,BOL-ADM3-33444609B45825141,Santa Rosa,ADM3
225,0.0,ADM3,225,225,BOL,BOL-ADM3-33444609B53699713,Ingavi,ADM3
226,0.0,ADM3,226,226,BOL,BOL-ADM3-33444609B93580112,Guayaramerín,ADM3
227,0.0,ADM3,227,227,BOL,BOL-ADM3-33444609B33507653,Villa Nueva,ADM3
228,0.0,ADM3,228,228,BOL,BOL-ADM3-33444609B15181859,Santos Mercado,ADM3
229,0.0,ADM3,229,229,BOL,BOL-ADM3-33444609B91423379,Nueva Esperanza,ADM3
230,0.0,ADM3,230,230,BOL,BOL-ADM3-33444609B41664570,Santiago de Huata,ADM3
231,0.0,ADM3,231,231,BOL,BOL-ADM3-33444609B7909722,Puerto Pérez,ADM3
232,0.0,ADM3,232,232,BOL,BOL-ADM3-33444609B27408509,Chuquihuta Ayllu Jucumani,ADM3
233,0.0,ADM3,233,233,BOL,BOL-ADM3-33444609B21368266,Bolpebra,ADM3
234,0.0922739638558,ADM3,234,234,BOL,BOL-ADM3-33444609B21491486,Filadelfia,ADM3
235,0.0,ADM3,235,235,BOL,BOL-ADM3-33444609B19655093,Alto Beni,ADM3
236,0.0,ADM3,236,236,BOL,BOL-ADM3-33444609B96037932,Caranavi,ADM3
237,0.0,ADM3,237,237,BOL,BOL-ADM3-33444609B8469227,Huarina,ADM3
238,0.0,ADM3,238,238,BOL,BOL-ADM3-33444609B76614989,Bolivar,ADM3
239,0.0,ADM3,239,239,BOL,BOL-ADM3-33444609B43692068,Chua Cocani,ADM3
240,0.0,ADM3,240,240,BOL,BOL-ADM3-33444609B78666461,Humanata,ADM3
241,0.70339177936,ADM3,241,241,BOL,BOL-ADM3-33444609B92881157,Villa Vaca Guzmán,ADM3
242,0.0,ADM3,242,242,BOL,BOL-ADM3-33444609B42689736,Batallas,ADM3
243,4.82807556719e-05,ADM3,243,243,BOL,BOL-ADM3-33444609B75760336,Padilla,ADM3
244,0.0,ADM3,244,244,BOL,BOL-ADM3-33444609B69980236,Mojocoya,ADM3
245,0.0,ADM3,245,245,BOL,BOL-ADM3-33444609B51772236,Pucará,ADM3
246,0.0,ADM3,246,246,BOL,BOL-ADM3-33444609B69127220,Villa Serrano,ADM3
247,0.45413808522,ADM3,247,247,BOL,BOL-ADM3-33444609B12353677,Macharetí,ADM3
248,0.653813918828,ADM3,248,248,BOL,BOL-ADM3-33444609B47604355,Boyuibe,ADM3
249,1.0,ADM3,249,249,BOL,BOL-ADM3-33444609B96934473,Cuevo,ADM3
250,1.0,ADM3,250,250,BOL,BOL-ADM3-33444609B99493244,Camiri,ADM3
251,0.0,ADM3,251,251,BOL,BOL-ADM3-33444609B83608870,Cocapata,ADM3
252,0.173184820578,ADM3,252,252,BOL,BOL-ADM3-33444609B53201147,Vallegrande,ADM3
253,0.904689071886,ADM3,253,253,BOL,BOL-ADM3-33444609B32904525,Gutiérrez,ADM3
254,0.0,ADM3,254,254,BOL,BOL-ADM3-33444609B61390228,Sucre,ADM3
255,0.0,ADM3,255,255,BOL,BOL-ADM3-33444609B90222474,Presto,ADM3
256,0.0,ADM3,256,256,BOL,BOL-ADM3-33444609B25796587,Postrervalle,ADM3
257,0.0,ADM3,257,257,BOL,BOL-ADM3-33444609B52561385,Trigal,ADM3
258,0.0,ADM3,258,258,BOL,BOL-ADM3-33444609B67865308,Quirusillas,ADM3
259,0.764153008176,ADM3,259,259,BOL,BOL-ADM3-33444609B3158247,Cabezas,ADM3
260,0.977826143305,ADM3,260,260,BOL,BOL-ADM3-33444609B36360155,Cotoca,ADM3
261,0.381572810639,ADM3,261,261,BOL,BOL-ADM3-33444609B82294182,Yapacaní,ADM3
262,0.0380908079892,ADM3,262,262,BOL,BOL-ADM3-33444609B81436946,Cuatro Cañadas,ADM3
263,0.0,ADM3,263,263,BOL,BOL-ADM3-33444609B34841445,San Ramón,ADM3
264,0.0,ADM3,264,264,BOL,BOL-ADM3-33444609B57224915,San Javier,ADM3
265,0.0,ADM3,265,265,BOL,BOL-ADM3-33444609B78704867,San Miguel,ADM3
266,0.0,ADM3,266,266,BOL,BOL-ADM3-33444609B25395901,Villa Tunari,ADM3
267,0.0,ADM3,267,267,BOL,BOL-ADM3-33444609B24552917,Chimoré,ADM3
268,0.0,ADM3,268,268,BOL,BOL-ADM3-33444609B18430420,Tiraque,ADM3
269,0.0,ADM3,269,269,BOL,BOL-ADM3-33444609B95602913,Shinahota,ADM3
270,1.0,ADM3,270,270,BOL,BOL-ADM3-33444609B71154134,Montero,ADM3
271,0.0,ADM3,271,271,BOL,BOL-ADM3-33444609B46709169,Ascención de Guarayos,ADM3
272,0.0,ADM3,272,272,BOL,BOL-ADM3-33444609B55665100,San Andrés,ADM3
273,0.0,ADM3,273,273,BOL,BOL-ADM3-33444609B36270672,Vacas,ADM3
274,0.0,ADM3,274,274,BOL,BOL-ADM3-33444609B99795676,Pocona,ADM3
275,0.652728364105,ADM3,275,275,BOL,BOL-ADM3-33444609B439401,Okinawa Uno,ADM3
276,0.847629051293,ADM3,276,276,BOL,BOL-ADM3-33444609B11056664,Warnes,ADM3
277,0.07609121574,ADM3,277,277,BOL,BOL-ADM3-33444609B54301679,General Saavedra,ADM3
278,0.0425319894357,ADM3,278,278,BOL,BOL-ADM3-33444609B10251116,Pailón,ADM3
279,0.153317199521,ADM3,279,279,BOL,BOL-ADM3-33444609B49773042,Fernández Alonso,ADM3
280,0.434978505737,ADM3,280,280,BOL,BOL-ADM3-33444609B82751741,Mineros,ADM3
281,0.0,ADM3,281,281,BOL,BOL-ADM3-33444609B58335505,Pampa Grande,ADM3
282,0.00246761146614,ADM3,282,282,BOL,BOL-ADM3-33444609B78053551,Mairana,ADM3
283,0.413559578061,ADM3,283,283,BOL,BOL-ADM3-33444609B66013257,Puerto Villarroel,ADM3
284,1.0,ADM3,284,284,BOL,BOL-ADM3-33444609B84075203,Colpa Bélgica,ADM3
285,0.0,ADM3,285,285,BOL,BOL-ADM3-33444609B58337466,Puerto Suarez,ADM3
286,0.0,ADM3,286,286,BOL,BOL-ADM3-33444609B52930702,El Carmen Rivero Tórrez,ADM3
287,0.0,ADM3,287,287,BOL,BOL-ADM3-33444609B32568642,Roboré,ADM3
288,0.0,ADM3,288,288,BOL,BOL-ADM3-33444609B83253902,San Matías,ADM3
289,0.169249084027,ADM3,289,289,BOL,BOL-ADM3-33444609B85273692,Charagua,ADM3
290,0.0,ADM3,290,290,BOL,BOL-ADM3-33444609B21156081,San José,ADM3
291,0.0,ADM3,291,291,BOL,BOL-ADM3-33444609B61104849,San Rafael,ADM3
292,0.0,ADM3,292,292,BOL,BOL-ADM3-33444609B74694029,Ayopaya,ADM3
293,0.0,ADM3,293,293,BOL,BOL-ADM3-33444609B38230040,San Ignacio,ADM3
294,0.0,ADM3,294,294,BOL,BOL-ADM3-33444609B93004293,Urubicha,ADM3
295,0.0,ADM3,295,295,BOL,BOL-ADM3-33444609B21187437,Baures,ADM3
296,0.0,ADM3,296,296,BOL,BOL-ADM3-33444609B59063344,Trinidad,ADM3
297,0.0,ADM3,297,297,BOL,BOL-ADM3-33444609B54102559,San Antonio de Lomerio,ADM3
298,0.0325921827678,ADM3,298,298,BOL,BOL-ADM3-33444609B66575543,Pojo,ADM3
299,0.946221976674,ADM3,299,299,BOL,BOL-ADM3-33444609B6351519,Entre Ríos,ADM3
300,0.0,ADM3,300,300,BOL,BOL-ADM3-33444609B40832379,Poroma,ADM3
301,0.0,ADM3,301,301,BOL,BOL-ADM3-33444609B77419578,Colomi,ADM3
302,0.0,ADM3,302,302,BOL,BOL-ADM3-33444609B47454413,Alalay,ADM3
303,0.0,ADM3,303,303,BOL,BOL-ADM3-33444609B95117685,Vila Vila,ADM3
304,0.000132829780611,ADM3,304,304,BOL,BOL-ADM3-33444609B5346742,Ixiamas,ADM3
305,0.0,ADM3,305,305,BOL,BOL-ADM3-33444609B73132405,Ayata,ADM3
306,0.0,ADM3,306,306,BOL,BOL-ADM3-33444609B71435776,Uyuni,ADM3
307,0.0,ADM3,307,307,BOL,BOL-ADM3-33444609B66511934,Waldo Ballivian,ADM3
308,0.0,ADM3,308,308,BOL,BOL-ADM3-33444609B68137279,Curahuara de Carangas,ADM3
309,0.0,ADM3,309,309,BOL,BOL-ADM3-33444609B36186520,Choquecota,ADM3
310,0.0,ADM3,310,310,BOL,BOL-ADM3-33444609B87640342,Escara,ADM3
311,0.0,ADM3,311,311,BOL,BOL-ADM3-33444609B79549253,Coipasa,ADM3
312,0.0,ADM3,312,312,BOL,BOL-ADM3-33444609B48403080,Chipaya,ADM3
313,0.0,ADM3,313,313,BOL,BOL-ADM3-33444609B66088023,Chayanta,ADM3
314,0.0,ADM3,314,314,BOL,BOL-ADM3-33444609B60563542,Salinas de Garcí Mendoza,ADM3
315,0.0,ADM3,315,315,BOL,BOL-ADM3-33444609B90206942,Tupiza,ADM3
316,0.0,ADM3,316,316,BOL,BOL-ADM3-33444609B106993,Atocha,ADM3
317,0.0,ADM3,317,317,BOL,BOL-ADM3-33444609B51545061,San Pedro de Quemes,ADM3
318,0.0,ADM3,318,318,BOL,BOL-ADM3-33444609B42696709,San Julián,ADM3
319,0.0,ADM3,319,319,BOL,BOL-ADM3-33444609B68632045,El Puente,ADM3
320,0.114881004388,ADM3,320,320,BOL,BOL-ADM3-33444609B10638383,Comarapa,ADM3
321,1.0,ADM3,321,321,BOL,BOL-ADM3-33444609B8717747,Bermejo,ADM3
322,0.0,ADM3,322,322,BOL,BOL-ADM3-33444609B53463626,Villa Charcas,ADM3
323,0.0,ADM3,323,323,BOL,BOL-ADM3-33444609B82635532,Puerto Acosta,ADM3
324,0.0,ADM3,324,324,BOL,BOL-ADM3-33444609B17656422,Escoma,ADM3
325,0.0,ADM3,325,325,BOL,BOL-ADM3-33444609B71044330,Charaña,ADM3
326,0.0,ADM3,326,326,BOL,BOL-ADM3-33444609B93991773,Achacachi,ADM3
327,0.0,ADM3,327,327,BOL,BOL-ADM3-33444609B13753118,Taraco,ADM3
328,0.0,ADM3,328,328,BOL,BOL-ADM3-33444609B75690871,La (Marka) San Andrés de Mach,ADM3
329,0.0,ADM3,329,329,BOL,BOL-ADM3-33444609B31051948,Tacobamba,ADM3
330,0.0,ADM3,330,330,BOL,BOL-ADM3-33444609B24985970,Challapata,ADM3
331,0.0,ADM3,331,331,BOL,BOL-ADM3-33444609B93024851,Uncía,ADM3
332,0.0,ADM3,332,332,BOL,BOL-ADM3-33444609B54083051,Ravelo,ADM3
333,0.0,ADM3,333,333,BOL,BOL-ADM3-33444609B27870252,Mizque,ADM3
334,0.0,ADM3,334,334,BOL,BOL-ADM3-33444609B5020991,Pasorapa,ADM3
335,0.0,ADM3,335,335,BOL,BOL-ADM3-33444609B93401902,Cotagaita,ADM3
336,0.0,ADM3,336,336,BOL,BOL-ADM3-33444609B61161865,Camargo,ADM3
337,0.0,ADM3,337,337,BOL,BOL-ADM3-33444609B2211567,Villazón,ADM3
338,0.367865544844,ADM3,338,338,BOL,BOL-ADM3-33444609B28920794,Padcaya,ADM3
